Employee_EmailID,Secret_Child_EmailID
hamish.murray@acme.com,benjamin.collins@acme.com
layla.graham@acme.com,piper.stewart@acme.com
matthew.king@acme.com,spencer.allen@acme.com
benjamin.collins@acme.com,ethan.murray@acme.com
isabella.scott@acme.com,layla.graham@acme.com
charlie.ross@acme.com,mark.lawrence@acme.com
hamish.murray.sr@acme.com,hamish.murray.jr@acme.com
piper.stewart@acme.com,charlie.ross.jr@acme.com
spencer.allen@acme.com,charlie.wright@acme.com
charlie.wright@acme.com,hamish.murray@acme.com
hamish.murray.jr@acme.com,charlie.ross@acme.com
charlie.ross.jr@acme.com,matthew.king@acme.com
ethan.murray@acme.com,matthew.king.jr@acme.com
matthew.king.jr@acme.com,hamish.murray.sr@acme.com
mark.lawrence@acme.com,isabella.scott@acme.com